<?xml version="1.0" encoding="utf-8"?>
<!DOCTYPE hibernate-mapping PUBLIC "-//Hibernate/Hibernate Mapping DTD 3.0//EN"
"http://hibernate.sourceforge.net/hibernate-mapping-3.0.dtd">
<!-- 
    Mapping file autogenerated by MyEclipse Persistence Tools
-->
<hibernate-mapping>
    <class name="com.mrs.sysmgr.entity.SysFile" table="t_sys_file" >
        <id name="id" type="java.lang.String">
            <column name="ID" length="32" />
            <generator class="uuid.hex" />
        </id>
        <property name="fileName" type="java.lang.String">
            <column name="FILENAME" length="256" />
        </property>
        <property name="logicFileName" type="java.lang.String">
            <column name="LOGICFILENAME" length="256" />
        </property>
        <property name="busiId" type="java.lang.String">
            <column name="BUSIID" length="32" />
        </property>
        <property name="busiType" type="java.lang.String">
            <column name="BUSITYPE" length="128" />
        </property>
        <property name="locked" type="java.lang.String">
            <column name="LOCKED" length="1" />
        </property>
        <property name="operateTime" type="java.util.Date">
            <column name="OperateTime" length="0" />
        </property>
        <property name="operateType" type="java.lang.String">
            <column name="OperateType" length="1" />
        </property>
        <property name="operatorCode" type="java.lang.String">
            <column name="OperatorCode" length="32" />
        </property>
        <property name="operatorName" type="java.lang.String">
            <column name="OperatorName" length="60" />
        </property>
        <property name="remark" type="java.lang.String">
            <column name="remark" length="512" />
        </property>
    </class>
</hibernate-mapping>
